<?xml version="1.0" encoding="UTF-8" ?>
<!DOCTYPE Edit_Mensaje SYSTEM "Edit_Mensaje.dtd">
 
<Edit_Mensaje>
     <Mensaje>
          <Remitente>
               <Nombre>Juan Perez</Nombre>
               <Mail> correo@gmail.com </Mail>
          </Remitente>
          <Destinatario>
               <Nombre>Nombre del destinatario</Nombre>
               <Mail>Correo del destinatario</Mail>
          </Destinatario>
          <Texto>
               <Asunto>
                    Este es mi documento con una estructura muy sencilla 
                    no contiene atributos ni entidades...
               </Asunto>
               <Parrafo>
                    Este es mi documento con una estructura muy sencilla 
                    no contiene atributos ni entidades...
               </Parrafo>
          </Texto>
     </Mensaje>
</Edit_Mensaje>
